fecha_hora,temperatura,humedad,luminosidad,is_anomaly
2026-03-01 00:00:00,5.48,80.7,0.0,0
2026-03-01 01:00:00,6.03,77.7,0.0,0
2026-03-01 02:00:00,6.25,82.6,0.0,0
2026-03-01 03:00:00,6.95,83.8,0.0,0
2026-03-01 04:00:00,7.87,73.1,0.0,0
2026-03-01 05:00:00,9.23,77.3,0.0,0
2026-03-01 06:00:00,9.74,75.5,99.0,0
2026-03-01 07:00:00,11.56,74.9,207.0,0
2026-03-01 08:00:00,14.95,68.0,374.0,0
2026-03-01 09:00:00,15.97,60.6,546.0,0
2026-03-01 10:00:00,16.82,60.0,679.0,0
2026-03-01 11:00:00,18.61,62.3,763.0,0
2026-03-01 12:00:00,20.1,64.0,855.0,0
2026-03-01 13:00:00,22.32,47.4,712.0,0
2026-03-01 14:00:00,22.23,57.8,703.0,0
2026-03-01 15:00:00,22.51,60.7,554.0,0
2026-03-01 16:00:00,20.59,58.4,323.0,0
2026-03-01 17:00:00,19.91,62.3,231.0,0
2026-03-01 18:00:00,18.72,59.2,51.0,0
2026-03-01 19:00:00,15.85,66.2,0.0,0
2026-03-01 20:00:00,14.55,62.2,0.0,0
2026-03-01 21:00:00,11.36,64.4,0.0,0
2026-03-01 22:00:00,9.73,80.2,0.0,0
2026-03-01 23:00:00,8.05,75.2,0.0,0
2026-03-02 00:00:00,5.66,81.1,0.0,0
2026-03-02 01:00:00,6.54,76.0,0.0,0
2026-03-02 02:00:00,5.31,77.9,0.0,0
2026-03-02 03:00:00,6.06,81.6,0.0,0
2026-03-02 04:00:00,7.33,77.4,0.0,0
2026-03-02 05:00:00,8.57,79.8,0.0,0
2026-03-02 06:00:00,10.44,77.1,0.0,0
2026-03-02 07:00:00,11.61,74.7,229.0,0
2026-03-02 08:00:00,13.36,71.6,374.0,0
2026-03-02 09:00:00,15.77,73.1,577.0,0
2026-03-02 10:00:00,16.09,62.0,810.0,0
2026-03-02 11:00:00,17.99,63.0,838.0,0
2026-03-02 12:00:00,19.38,65.5,842.0,0
2026-03-02 13:00:00,20.51,64.2,866.0,0
2026-03-02 14:00:00,22.18,50.8,747.0,0
2026-03-02 15:00:00,20.6,57.8,608.0,0
2026-03-02 16:00:00,20.33,64.9,473.0,0
2026-03-02 17:00:00,20.74,60.9,183.0,0
2026-03-02 18:00:00,17.42,64.9,0.0,0
2026-03-02 19:00:00,16.59,64.6,0.0,0
2026-03-02 20:00:00,12.85,69.9,0.0,0
2026-03-02 21:00:00,11.5,74.7,0.0,0
2026-03-02 22:00:00,8.83,76.9,0.0,0
2026-03-02 23:00:00,7.78,79.4,0.0,0
2026-03-03 00:00:00,7.92,79.6,0.0,0
2026-03-03 01:00:00,4.55,82.0,0.0,0
2026-03-03 02:00:00,52.4,83.8,0.0,1
2026-03-03 03:00:00,6.51,93.2,0.0,0
2026-03-03 04:00:00,6.48,74.5,0.0,0
2026-03-03 05:00:00,6.9,82.3,0.0,0
2026-03-03 06:00:00,10.08,72.8,6.0,0
2026-03-03 07:00:00,11.4,76.1,268.0,0
2026-03-03 08:00:00,14.24,69.4,492.0,0
2026-03-03 09:00:00,16.1,69.3,600.0,0
2026-03-03 10:00:00,19.61,65.3,805.0,0
2026-03-03 11:00:00,19.42,61.7,824.0,0
2026-03-03 12:00:00,19.91,64.7,959.0,0
2026-03-03 13:00:00,21.91,47.6,810.0,0
2026-03-03 14:00:00,22.22,62.8,820.0,0
2026-03-03 15:00:00,23.09,56.6,600.0,0
2026-03-03 16:00:00,21.77,61.5,523.0,0
2026-03-03 17:00:00,20.02,55.1,253.0,0
2026-03-03 18:00:00,19.47,57.5,0.0,0
2026-03-03 19:00:00,14.89,68.8,0.0,0
2026-03-03 20:00:00,13.36,70.5,0.0,0
2026-03-03 21:00:00,11.01,75.5,0.0,0
2026-03-03 22:00:00,9.61,81.0,0.0,0
2026-03-03 23:00:00,6.97,73.8,0.0,0
2026-03-04 00:00:00,7.99,83.1,0.0,0
2026-03-04 01:00:00,6.34,81.9,0.0,0
2026-03-04 02:00:00,4.82,83.5,0.0,0
2026-03-04 03:00:00,5.54,77.2,0.0,0
2026-03-04 04:00:00,7.67,81.7,0.0,0
2026-03-04 05:00:00,9.47,67.2,0.0,0
2026-03-04 06:00:00,12.28,74.9,0.0,0
2026-03-04 07:00:00,15.13,61.8,223.0,0
2026-03-04 08:00:00,14.7,68.7,413.0,0
2026-03-04 09:00:00,15.37,66.9,522.0,0
2026-03-04 10:00:00,16.15,70.8,645.0,0
2026-03-04 11:00:00,20.21,58.9,747.0,0
2026-03-04 12:00:00,20.4,56.6,748.0,0
2026-03-04 13:00:00,21.6,55.4,665.0,0
2026-03-04 14:00:00,21.67,62.4,610.0,0
2026-03-04 15:00:00,21.87,59.1,534.0,0
2026-03-04 16:00:00,22.28,54.8,420.0,0
2026-03-04 17:00:00,20.1,58.9,257.0,0
2026-03-04 18:00:00,18.13,56.7,31.0,0
2026-03-04 19:00:00,15.32,69.0,0.0,0
2026-03-04 20:00:00,12.61,64.8,0.0,0
2026-03-04 21:00:00,11.73,76.2,0.0,0
2026-03-04 22:00:00,10.23,76.1,0.0,0
2026-03-04 23:00:00,10.4,84.9,0.0,0
2026-03-05 00:00:00,6.9,76.6,0.0,0
2026-03-05 01:00:00,6.96,80.5,0.0,0
2026-03-05 02:00:00,5.2,0.0,0.0,1
2026-03-05 03:00:00,4.79,89.1,0.0,0
2026-03-05 04:00:00,5.81,79.9,0.0,0
2026-03-05 05:00:00,7.32,81.2,0.0,0
2026-03-05 06:00:00,11.83,73.1,11.0,0
2026-03-05 07:00:00,10.81,75.8,217.0,0
2026-03-05 08:00:00,48.03,65.9,335.0,1
2026-03-05 09:00:00,14.87,67.9,505.0,0
2026-03-05 10:00:00,18.63,55.8,593.0,0
2026-03-05 11:00:00,19.74,61.0,649.0,0
2026-03-05 12:00:00,20.47,61.0,737.0,0
2026-03-05 13:00:00,21.39,56.9,706.0,0
2026-03-05 14:00:00,21.05,51.9,654.0,0
2026-03-05 15:00:00,21.87,61.0,533.0,0
2026-03-05 16:00:00,20.17,61.2,371.0,0
2026-03-05 17:00:00,18.13,60.1,209.0,0
2026-03-05 18:00:00,16.42,64.6,0.0,0
2026-03-05 19:00:00,15.94,60.5,0.0,0
2026-03-05 20:00:00,15.28,63.4,0.0,0
2026-03-05 21:00:00,11.79,71.0,0.0,0
2026-03-05 22:00:00,9.58,81.6,0.0,0
2026-03-05 23:00:00,8.33,76.1,0.0,0
2026-03-06 00:00:00,7.69,82.3,0.0,0
2026-03-06 01:00:00,5.8,80.6,0.0,0
2026-03-06 02:00:00,4.9,85.2,0.0,0
2026-03-06 03:00:00,6.69,80.7,0.0,0
2026-03-06 04:00:00,6.81,84.6,0.0,0
2026-03-06 05:00:00,9.19,75.2,0.0,0
2026-03-06 06:00:00,9.49,70.5,17.0,0
2026-03-06 07:00:00,10.02,70.4,146.0,0
2026-03-06 08:00:00,11.94,70.8,354.0,0
2026-03-06 09:00:00,17.03,59.8,506.0,0
2026-03-06 10:00:00,19.03,63.2,560.0,0
2026-03-06 11:00:00,18.79,60.1,657.0,0
2026-03-06 12:00:00,19.86,100.0,653.0,1
2026-03-06 13:00:00,22.5,49.0,634.0,0
2026-03-06 14:00:00,20.2,60.5,542.0,0
2026-03-06 15:00:00,20.14,55.3,530.0,0
2026-03-06 16:00:00,20.88,56.6,382.0,0
2026-03-06 17:00:00,18.57,62.8,197.0,0
2026-03-06 18:00:00,17.31,55.0,79.0,0
2026-03-06 19:00:00,15.22,68.6,0.0,0
2026-03-06 20:00:00,13.65,77.8,0.0,0
2026-03-06 21:00:00,12.65,69.9,0.0,0
2026-03-06 22:00:00,9.4,78.0,0.0,0
2026-03-06 23:00:00,8.3,82.8,0.0,0
2026-03-07 00:00:00,4.37,84.4,0.0,0
2026-03-07 01:00:00,5.57,80.8,0.0,0
2026-03-07 02:00:00,4.51,75.7,0.0,0
2026-03-07 03:00:00,4.4,87.5,0.0,0
2026-03-07 04:00:00,5.54,82.7,0.0,0
2026-03-07 05:00:00,7.36,76.2,0.0,0
2026-03-07 06:00:00,10.27,76.1,0.0,0
2026-03-07 07:00:00,9.95,73.7,356.0,0
2026-03-07 08:00:00,13.38,68.5,444.0,0
2026-03-07 09:00:00,14.94,70.5,651.0,0
2026-03-07 10:00:00,17.02,59.4,769.0,0
2026-03-07 11:00:00,20.01,64.2,891.0,0
2026-03-07 12:00:00,20.82,53.1,940.0,0
2026-03-07 13:00:00,22.41,53.5,871.0,0
2026-03-07 14:00:00,21.19,65.8,856.0,0
2026-03-07 15:00:00,20.38,63.9,651.0,0
2026-03-07 16:00:00,20.05,60.3,464.0,0
2026-03-07 17:00:00,19.25,57.4,198.0,0
2026-03-07 18:00:00,17.53,61.8,17.0,0
2026-03-07 19:00:00,14.34,69.4,0.0,0
2026-03-07 20:00:00,13.44,70.6,0.0,0
2026-03-07 21:00:00,11.51,73.2,0.0,0
2026-03-07 22:00:00,11.87,72.9,0.0,0
2026-03-07 23:00:00,9.57,75.8,0.0,0
2026-03-08 00:00:00,5.47,77.5,0.0,0
2026-03-08 01:00:00,5.24,81.6,0.0,0
2026-03-08 02:00:00,3.79,89.6,0.0,0
2026-03-08 03:00:00,4.94,78.6,0.0,0
2026-03-08 04:00:00,6.64,80.6,0.0,0
2026-03-08 05:00:00,8.8,74.6,0.0,0
2026-03-08 06:00:00,8.53,78.8,0.0,0
2026-03-08 07:00:00,10.53,73.6,224.0,0
2026-03-08 08:00:00,11.11,80.1,448.0,0
2026-03-08 09:00:00,15.16,69.8,784.0,0
2026-03-08 10:00:00,16.19,60.8,819.0,0
2026-03-08 11:00:00,18.38,65.3,867.0,0
2026-03-08 12:00:00,19.31,58.0,930.0,0
2026-03-08 13:00:00,20.89,56.3,923.0,0
2026-03-08 14:00:00,19.5,62.1,852.0,0
2026-03-08 15:00:00,19.51,58.8,700.0,0
2026-03-08 16:00:00,22.31,59.9,506.0,0
2026-03-08 17:00:00,17.62,60.7,222.0,0
2026-03-08 18:00:00,16.16,63.7,14.0,0
2026-03-08 19:00:00,17.16,61.9,0.0,0
2026-03-08 20:00:00,16.16,63.9,0.0,0
2026-03-08 21:00:00,10.01,80.4,0.0,0
2026-03-08 22:00:00,8.89,80.3,0.0,0
2026-03-08 23:00:00,7.94,86.1,0.0,0
2026-03-09 00:00:00,8.05,88.2,0.0,0
2026-03-09 01:00:00,4.53,80.6,0.0,0
2026-03-09 02:00:00,5.0,84.3,0.0,0
2026-03-09 03:00:00,6.3,77.2,0.0,0
2026-03-09 04:00:00,6.76,78.1,0.0,0
2026-03-09 05:00:00,7.22,77.9,0.0,0
2026-03-09 06:00:00,9.12,73.2,0.0,0
2026-03-09 07:00:00,9.8,72.1,221.0,0
2026-03-09 08:00:00,13.01,70.6,438.0,0
2026-03-09 09:00:00,15.05,63.0,624.0,0
2026-03-09 10:00:00,17.48,67.4,865.0,0
2026-03-09 11:00:00,18.35,59.0,945.0,0
2026-03-09 12:00:00,20.65,70.2,989.0,0
2026-03-09 13:00:00,21.99,55.0,919.0,0
2026-03-09 14:00:00,21.4,58.0,853.0,0
2026-03-09 15:00:00,21.33,52.7,601.0,0
2026-03-09 16:00:00,20.23,66.5,509.0,0
2026-03-09 17:00:00,18.91,66.2,253.0,0
2026-03-09 18:00:00,16.53,66.7,25.0,0
2026-03-09 19:00:00,15.64,61.6,0.0,0
2026-03-09 20:00:00,13.15,71.8,0.0,0
2026-03-09 21:00:00,13.27,66.3,0.0,0
2026-03-09 22:00:00,10.82,80.5,0.0,0
2026-03-09 23:00:00,7.98,82.5,0.0,0
2026-03-10 00:00:00,5.3,83.9,0.0,0
2026-03-10 01:00:00,4.15,75.6,0.0,0
2026-03-10 02:00:00,6.18,78.2,0.0,0
2026-03-10 03:00:00,5.53,85.9,0.0,0
2026-03-10 04:00:00,6.55,86.4,0.0,0
2026-03-10 05:00:00,5.59,87.5,0.0,0
2026-03-10 06:00:00,9.92,69.8,15.0,0
2026-03-10 07:00:00,11.38,75.0,158.0,0
2026-03-10 08:00:00,11.88,77.0,321.0,0
2026-03-10 09:00:00,14.59,62.0,511.0,0
2026-03-10 10:00:00,17.26,64.4,683.0,0
2026-03-10 11:00:00,18.7,63.2,764.0,0
2026-03-10 12:00:00,19.63,59.4,708.0,0
2026-03-10 13:00:00,20.62,51.6,698.0,0
2026-03-10 14:00:00,20.74,57.5,632.0,0
2026-03-10 15:00:00,20.87,57.3,525.0,0
2026-03-10 16:00:00,21.39,57.2,327.0,0
2026-03-10 17:00:00,16.08,64.0,141.0,0
2026-03-10 18:00:00,16.76,63.4,0.0,0
2026-03-10 19:00:00,15.24,67.5,0.0,0
2026-03-10 20:00:00,13.29,72.5,0.0,0
2026-03-10 21:00:00,10.55,73.9,0.0,0
2026-03-10 22:00:00,7.24,78.8,0.0,0
2026-03-10 23:00:00,7.66,80.1,0.0,0
2026-03-11 00:00:00,-1.6,86.9,0.0,0
2026-03-11 01:00:00,-5.66,96.0,0.0,0
2026-03-11 02:00:00,-3.53,96.0,0.0,0
2026-03-11 03:00:00,-4.45,96.0,0.0,0
2026-03-11 04:00:00,-3.39,96.0,0.0,0
2026-03-11 05:00:00,-3.11,89.2,0.0,0
2026-03-11 06:00:00,-0.73,85.3,3.0,0
2026-03-11 07:00:00,12.49,73.1,138.0,0
2026-03-11 08:00:00,13.84,69.8,353.0,0
2026-03-11 09:00:00,17.06,65.4,549.0,0
2026-03-11 10:00:00,18.43,60.7,568.0,0
2026-03-11 11:00:00,19.35,63.7,684.0,0
2026-03-11 12:00:00,21.93,60.6,757.0,0
2026-03-11 13:00:00,21.42,59.7,675.0,0
2026-03-11 14:00:00,22.09,55.6,597.0,0
2026-03-11 15:00:00,20.69,50.5,3435.0,1
2026-03-11 16:00:00,20.25,62.7,346.0,0
2026-03-11 17:00:00,18.22,67.7,230.0,0
2026-03-11 18:00:00,18.25,65.4,17.0,0
2026-03-11 19:00:00,14.15,65.8,0.0,0
2026-03-11 20:00:00,14.04,72.2,0.0,0
2026-03-11 21:00:00,11.0,77.8,0.0,0
2026-03-11 22:00:00,0.78,96.0,0.0,0
2026-03-11 23:00:00,-1.3,90.6,0.0,0
2026-03-12 00:00:00,8.38,77.7,0.0,0
2026-03-12 01:00:00,6.49,0.0,0.0,1
2026-03-12 02:00:00,3.92,86.0,0.0,0
2026-03-12 03:00:00,5.7,78.4,0.0,0
2026-03-12 04:00:00,5.39,85.0,0.0,0
2026-03-12 05:00:00,7.32,82.6,0.0,0
2026-03-12 06:00:00,11.0,74.7,0.0,0
2026-03-12 07:00:00,12.06,73.6,232.0,0
2026-03-12 08:00:00,12.79,70.5,423.0,0
2026-03-12 09:00:00,14.55,100.0,621.0,1
2026-03-12 10:00:00,17.52,60.4,689.0,0
2026-03-12 11:00:00,17.93,61.0,794.0,0
2026-03-12 12:00:00,19.75,60.4,818.0,0
2026-03-12 13:00:00,21.53,61.1,821.0,0
2026-03-12 14:00:00,22.65,49.8,670.0,0
2026-03-12 15:00:00,21.83,51.8,621.0,0
2026-03-12 16:00:00,18.13,54.8,429.0,0
2026-03-12 17:00:00,19.45,61.0,160.0,0
2026-03-12 18:00:00,17.56,59.4,48.0,0
2026-03-12 19:00:00,15.97,64.9,0.0,0
2026-03-12 20:00:00,15.11,70.5,0.0,0
2026-03-12 21:00:00,9.36,74.5,0.0,0
2026-03-12 22:00:00,8.9,78.7,0.0,0
2026-03-12 23:00:00,8.42,77.3,0.0,0
2026-03-13 00:00:00,5.0,86.7,0.0,0
2026-03-13 01:00:00,7.26,82.3,0.0,0
2026-03-13 02:00:00,5.88,79.8,0.0,0
2026-03-13 03:00:00,6.63,80.7,0.0,0
2026-03-13 04:00:00,6.01,86.6,0.0,0
2026-03-13 05:00:00,8.67,79.7,0.0,0
2026-03-13 06:00:00,10.58,69.5,89.0,0
2026-03-13 07:00:00,11.67,75.9,263.0,0
2026-03-13 08:00:00,13.74,65.7,487.0,0
2026-03-13 09:00:00,15.85,72.3,611.0,0
2026-03-13 10:00:00,16.65,69.5,678.0,0
2026-03-13 11:00:00,19.02,62.7,757.0,0
2026-03-13 12:00:00,20.29,60.2,870.0,0
2026-03-13 13:00:00,21.62,56.6,807.0,0
2026-03-13 14:00:00,22.51,0.0,708.0,1
2026-03-13 15:00:00,20.18,58.2,605.0,0
2026-03-13 16:00:00,20.31,60.4,454.0,0
2026-03-13 17:00:00,20.65,62.5,164.0,0
2026-03-13 18:00:00,16.77,62.9,3591.0,1
2026-03-13 19:00:00,14.76,65.9,0.0,0
2026-03-13 20:00:00,13.71,65.3,0.0,0
2026-03-13 21:00:00,12.28,68.1,0.0,0
2026-03-13 22:00:00,9.52,69.5,0.0,0
2026-03-13 23:00:00,9.18,80.2,0.0,0
2026-03-14 00:00:00,7.78,86.8,0.0,0
2026-03-14 01:00:00,6.96,86.6,0.0,0
2026-03-14 02:00:00,6.4,75.3,0.0,0
2026-03-14 03:00:00,8.45,81.4,0.0,0
2026-03-14 04:00:00,6.72,86.9,0.0,0
2026-03-14 05:00:00,6.19,80.3,0.0,0
2026-03-14 06:00:00,11.45,74.1,60.0,0
2026-03-14 07:00:00,11.32,65.9,220.0,0
2026-03-14 08:00:00,13.96,70.7,543.0,0
2026-03-14 09:00:00,17.23,60.2,699.0,0
2026-03-14 10:00:00,16.25,66.8,902.0,0
2026-03-14 11:00:00,18.25,56.5,1025.0,0
2026-03-14 12:00:00,19.18,63.5,1046.0,0
2026-03-14 13:00:00,20.78,62.8,1018.0,0
2026-03-14 14:00:00,22.29,53.2,834.0,0
2026-03-14 15:00:00,22.1,52.1,763.0,0
2026-03-14 16:00:00,21.05,49.7,474.0,0
2026-03-14 17:00:00,18.09,62.0,273.0,0
2026-03-14 18:00:00,15.54,64.8,10.0,0
2026-03-14 19:00:00,15.97,60.2,0.0,0
2026-03-14 20:00:00,13.38,72.4,0.0,0
2026-03-14 21:00:00,12.24,70.6,0.0,0
2026-03-14 22:00:00,10.55,70.8,0.0,0
2026-03-14 23:00:00,8.33,76.5,0.0,0
2026-03-15 00:00:00,7.82,83.8,0.0,0
2026-03-15 01:00:00,6.49,84.0,0.0,0
2026-03-15 02:00:00,6.52,81.0,0.0,0
2026-03-15 03:00:00,5.56,85.6,0.0,0
2026-03-15 04:00:00,6.88,76.3,0.0,0
2026-03-15 05:00:00,8.53,78.5,0.0,0
2026-03-15 06:00:00,10.81,75.3,19.0,0
2026-03-15 07:00:00,11.52,71.7,272.0,0
2026-03-15 08:00:00,14.51,70.5,465.0,0
2026-03-15 09:00:00,15.79,63.6,651.0,0
2026-03-15 10:00:00,17.87,65.4,899.0,0
2026-03-15 11:00:00,20.48,61.4,971.0,0
2026-03-15 12:00:00,18.92,50.1,1043.0,0
2026-03-15 13:00:00,20.42,64.1,962.0,0
2026-03-15 14:00:00,20.51,47.0,808.0,0
2026-03-15 15:00:00,19.38,58.5,744.0,0
2026-03-15 16:00:00,20.24,63.7,484.0,0
2026-03-15 17:00:00,20.39,58.1,272.0,0
2026-03-15 18:00:00,17.7,57.8,0.0,0
2026-03-15 19:00:00,16.26,61.6,0.0,0
2026-03-15 20:00:00,15.08,72.0,0.0,0
2026-03-15 21:00:00,13.25,63.1,0.0,0
2026-03-15 22:00:00,9.92,80.6,0.0,0
2026-03-15 23:00:00,9.69,76.3,0.0,0
2026-03-16 00:00:00,6.89,76.2,0.0,0
2026-03-16 01:00:00,5.17,81.4,0.0,0
2026-03-16 02:00:00,5.14,79.7,0.0,0
2026-03-16 03:00:00,4.52,88.2,0.0,0
2026-03-16 04:00:00,5.91,85.5,0.0,0
2026-03-16 05:00:00,7.72,72.8,0.0,0
2026-03-16 06:00:00,10.53,73.5,66.0,0
2026-03-16 07:00:00,13.38,67.1,228.0,0
2026-03-16 08:00:00,12.35,77.4,494.0,0
2026-03-16 09:00:00,16.19,60.7,722.0,0
2026-03-16 10:00:00,16.69,71.7,835.0,0
2026-03-16 11:00:00,19.86,60.1,993.0,0
2026-03-16 12:00:00,20.53,54.5,1079.0,0
2026-03-16 13:00:00,19.63,0.0,961.0,1
2026-03-16 14:00:00,22.66,52.5,895.0,0
2026-03-16 15:00:00,20.85,53.5,608.0,0
2026-03-16 16:00:00,20.13,60.2,506.0,0
2026-03-16 17:00:00,18.32,57.8,250.0,0
2026-03-16 18:00:00,17.08,56.0,0.0,0
2026-03-16 19:00:00,16.23,64.5,0.0,0
2026-03-16 20:00:00,13.54,63.1,0.0,0
2026-03-16 21:00:00,11.99,69.8,0.0,0
2026-03-16 22:00:00,10.09,72.2,0.0,0
2026-03-16 23:00:00,9.39,73.5,0.0,0
2026-03-17 00:00:00,6.57,89.5,0.0,0
2026-03-17 01:00:00,4.64,84.8,0.0,0
2026-03-17 02:00:00,6.91,81.9,0.0,0
2026-03-17 03:00:00,5.78,75.6,0.0,0
2026-03-17 04:00:00,8.03,76.5,0.0,0
2026-03-17 05:00:00,8.57,79.2,0.0,0
2026-03-17 06:00:00,9.71,72.4,43.0,0
2026-03-17 07:00:00,12.12,76.2,242.0,0
2026-03-17 08:00:00,15.79,61.9,486.0,0
2026-03-17 09:00:00,17.99,62.1,683.0,0
2026-03-17 10:00:00,17.91,61.0,778.0,0
2026-03-17 11:00:00,19.66,61.2,908.0,0
2026-03-17 12:00:00,21.85,54.5,1026.0,0
2026-03-17 13:00:00,20.72,57.8,869.0,0
2026-03-17 14:00:00,22.17,55.6,824.0,0
2026-03-17 15:00:00,21.54,54.6,682.0,0
2026-03-17 16:00:00,21.08,60.2,563.0,0
2026-03-17 17:00:00,18.67,63.1,286.0,0
2026-03-17 18:00:00,16.25,65.6,0.0,0
2026-03-17 19:00:00,13.84,68.1,0.0,0
2026-03-17 20:00:00,12.72,74.8,0.0,0
2026-03-17 21:00:00,11.31,73.0,0.0,0
2026-03-17 22:00:00,9.55,75.5,0.0,0
2026-03-17 23:00:00,10.12,76.2,0.0,0
2026-03-18 00:00:00,7.73,86.4,0.0,0
2026-03-18 01:00:00,4.86,78.9,0.0,0
2026-03-18 02:00:00,5.9,85.6,0.0,0
2026-03-18 03:00:00,5.42,75.8,0.0,0
2026-03-18 04:00:00,52.0,82.7,0.0,1
2026-03-18 05:00:00,8.08,85.4,0.0,0
2026-03-18 06:00:00,10.17,77.7,52.0,0
2026-03-18 07:00:00,11.14,74.9,238.0,0
2026-03-18 08:00:00,14.62,66.4,558.0,0
2026-03-18 09:00:00,14.48,69.0,678.0,0
2026-03-18 10:00:00,17.56,62.9,939.0,0
2026-03-18 11:00:00,21.81,54.0,984.0,0
2026-03-18 12:00:00,20.71,57.7,994.0,0
2026-03-18 13:00:00,22.71,56.5,991.0,0
2026-03-18 14:00:00,21.65,54.3,908.0,0
2026-03-18 15:00:00,21.86,53.8,712.0,0
2026-03-18 16:00:00,20.43,53.9,540.0,0
2026-03-18 17:00:00,19.04,63.1,245.0,0
2026-03-18 18:00:00,16.77,67.3,25.0,0
2026-03-18 19:00:00,16.05,67.2,0.0,0
2026-03-18 20:00:00,12.7,75.5,0.0,0
2026-03-18 21:00:00,12.15,72.9,0.0,0
2026-03-18 22:00:00,10.64,76.5,0.0,0
2026-03-18 23:00:00,8.26,80.0,0.0,0
2026-03-19 00:00:00,6.6,81.1,0.0,0
2026-03-19 01:00:00,6.54,79.4,0.0,0
2026-03-19 02:00:00,5.51,92.0,0.0,0
2026-03-19 03:00:00,7.03,79.0,0.0,0
2026-03-19 04:00:00,5.06,81.2,0.0,0
2026-03-19 05:00:00,7.82,81.2,0.0,0
2026-03-19 06:00:00,7.83,80.5,18.0,0
2026-03-19 07:00:00,10.25,70.0,211.0,0
2026-03-19 08:00:00,15.18,72.2,395.0,0
2026-03-19 09:00:00,16.78,64.8,590.0,0
2026-03-19 10:00:00,17.1,60.2,737.0,0
2026-03-19 11:00:00,17.97,68.0,880.0,0
2026-03-19 12:00:00,17.78,66.1,863.0,0
2026-03-19 13:00:00,21.0,53.3,836.0,0
2026-03-19 14:00:00,24.24,60.3,838.0,0
2026-03-19 15:00:00,21.98,59.5,604.0,0
2026-03-19 16:00:00,20.19,59.7,432.0,0
2026-03-19 17:00:00,19.94,66.5,242.0,0
2026-03-19 18:00:00,16.26,66.6,0.0,0
2026-03-19 19:00:00,15.59,66.9,0.0,0
2026-03-19 20:00:00,13.92,67.1,0.0,0
2026-03-19 21:00:00,11.66,75.7,0.0,0
2026-03-19 22:00:00,10.61,76.9,0.0,0
2026-03-19 23:00:00,8.51,78.5,0.0,0
2026-03-20 00:00:00,7.54,76.8,0.0,0
2026-03-20 01:00:00,5.39,83.9,0.0,0
2026-03-20 02:00:00,6.7,81.0,0.0,0
2026-03-20 03:00:00,7.7,74.3,0.0,0
2026-03-20 04:00:00,5.9,76.7,0.0,0
2026-03-20 05:00:00,7.26,82.6,0.0,0
2026-03-20 06:00:00,11.14,63.8,0.0,0
2026-03-20 07:00:00,59.94,74.4,148.0,1
2026-03-20 08:00:00,51.8,65.8,351.0,1
2026-03-20 09:00:00,15.43,72.5,453.0,0
2026-03-20 10:00:00,19.26,59.2,568.0,0
2026-03-20 11:00:00,19.59,63.3,671.0,0
2026-03-20 12:00:00,20.99,56.8,684.0,0
2026-03-20 13:00:00,23.09,55.5,621.0,0
2026-03-20 14:00:00,21.44,60.6,536.0,0
2026-03-20 15:00:00,20.59,57.2,505.0,0
2026-03-20 16:00:00,20.28,63.5,356.0,0
2026-03-20 17:00:00,19.91,56.2,104.0,0
2026-03-20 18:00:00,16.24,67.2,0.0,0
2026-03-20 19:00:00,16.51,69.3,0.0,0
2026-03-20 20:00:00,13.26,73.4,0.0,0
2026-03-20 21:00:00,12.88,79.1,0.0,0
2026-03-20 22:00:00,7.41,77.1,0.0,0
2026-03-20 23:00:00,7.36,74.7,0.0,0
2026-03-21 00:00:00,5.13,79.8,0.0,0
2026-03-21 01:00:00,5.19,86.3,0.0,0
2026-03-21 02:00:00,5.99,84.4,0.0,0
2026-03-21 03:00:00,5.84,83.1,0.0,0
2026-03-21 04:00:00,6.57,77.0,0.0,0
2026-03-21 05:00:00,7.93,82.4,0.0,0
2026-03-21 06:00:00,9.95,71.2,4035.0,1
2026-03-21 07:00:00,10.67,79.6,203.0,0
2026-03-21 08:00:00,14.45,80.3,369.0,0
2026-03-21 09:00:00,16.48,67.1,482.0,0
2026-03-21 10:00:00,18.13,65.3,599.0,0
2026-03-21 11:00:00,19.96,58.1,645.0,0
2026-03-21 12:00:00,20.97,51.2,638.0,0
2026-03-21 13:00:00,23.51,52.0,632.0,0
2026-03-21 14:00:00,21.66,53.0,577.0,0
2026-03-21 15:00:00,21.17,52.3,469.0,0
2026-03-21 16:00:00,19.92,67.0,257.0,0
2026-03-21 17:00:00,18.37,63.7,156.0,0
2026-03-21 18:00:00,16.5,67.1,2.0,0
2026-03-21 19:00:00,14.93,66.9,0.0,0
2026-03-21 20:00:00,13.68,69.4,0.0,0
2026-03-21 21:00:00,12.01,76.6,0.0,0
2026-03-21 22:00:00,9.8,76.2,0.0,0
2026-03-21 23:00:00,7.32,82.4,0.0,0
2026-03-22 00:00:00,7.51,79.2,0.0,0
2026-03-22 01:00:00,6.55,80.1,0.0,0
2026-03-22 02:00:00,5.38,77.8,0.0,0
2026-03-22 03:00:00,5.16,75.8,0.0,0
2026-03-22 04:00:00,7.16,79.5,0.0,0
2026-03-22 05:00:00,8.07,79.3,0.0,0
2026-03-22 06:00:00,8.09,73.9,0.0,0
2026-03-22 07:00:00,11.4,73.6,196.0,0
2026-03-22 08:00:00,13.8,70.1,416.0,0
2026-03-22 09:00:00,47.15,59.8,518.0,1
2026-03-22 10:00:00,17.73,60.0,622.0,0
2026-03-22 11:00:00,17.74,65.2,753.0,0
2026-03-22 12:00:00,21.81,58.7,824.0,0
2026-03-22 13:00:00,22.52,51.4,834.0,0
2026-03-22 14:00:00,21.29,58.6,719.0,0
2026-03-22 15:00:00,21.63,61.5,503.0,0
2026-03-22 16:00:00,18.06,66.2,388.0,0
2026-03-22 17:00:00,18.04,62.7,216.0,0
2026-03-22 18:00:00,17.25,62.5,7.0,0
2026-03-22 19:00:00,14.54,66.2,0.0,0
2026-03-22 20:00:00,14.26,71.1,0.0,0
2026-03-22 21:00:00,13.47,71.2,0.0,0
2026-03-22 22:00:00,8.37,81.1,0.0,0
2026-03-22 23:00:00,7.05,81.3,0.0,0
2026-03-23 00:00:00,7.22,83.7,0.0,0
2026-03-23 01:00:00,7.79,79.9,0.0,0
2026-03-23 02:00:00,4.69,87.6,0.0,0
2026-03-23 03:00:00,6.43,85.2,0.0,0
2026-03-23 04:00:00,8.8,74.7,0.0,0
2026-03-23 05:00:00,6.6,74.2,0.0,0
2026-03-23 06:00:00,8.63,84.4,22.0,0
2026-03-23 07:00:00,11.42,74.8,154.0,0
2026-03-23 08:00:00,13.39,63.7,372.0,0
2026-03-23 09:00:00,16.79,62.3,539.0,0
2026-03-23 10:00:00,18.15,66.0,672.0,0
2026-03-23 11:00:00,17.79,62.4,681.0,0
2026-03-23 12:00:00,21.35,55.8,724.0,0
2026-03-23 13:00:00,21.06,63.9,605.0,0
2026-03-23 14:00:00,23.18,50.7,614.0,0
2026-03-23 15:00:00,21.01,55.2,501.0,0
2026-03-23 16:00:00,20.2,60.5,328.0,0
2026-03-23 17:00:00,20.11,61.4,198.0,0
2026-03-23 18:00:00,18.67,64.1,0.0,0
2026-03-23 19:00:00,16.43,69.4,0.0,0
2026-03-23 20:00:00,12.22,73.2,0.0,0
2026-03-23 21:00:00,12.38,74.2,0.0,0
2026-03-23 22:00:00,8.88,76.8,0.0,0
2026-03-23 23:00:00,8.49,78.7,0.0,0
2026-03-24 00:00:00,5.51,83.6,0.0,0
2026-03-24 01:00:00,6.58,82.3,0.0,0
2026-03-24 02:00:00,5.06,87.0,0.0,0
2026-03-24 03:00:00,4.85,86.5,0.0,0
2026-03-24 04:00:00,7.65,79.9,0.0,0
2026-03-24 05:00:00,8.45,75.2,0.0,0
2026-03-24 06:00:00,9.25,77.5,0.0,0
2026-03-24 07:00:00,13.24,70.7,190.0,0
2026-03-24 08:00:00,13.42,71.3,314.0,0
2026-03-24 09:00:00,15.97,75.3,515.0,0
2026-03-24 10:00:00,18.13,60.9,556.0,0
2026-03-24 11:00:00,18.9,63.4,679.0,0
2026-03-24 12:00:00,21.26,62.3,690.0,0
2026-03-24 13:00:00,21.06,58.7,690.0,0
2026-03-24 14:00:00,21.45,67.0,612.0,0
2026-03-24 15:00:00,22.95,53.8,486.0,0
2026-03-24 16:00:00,19.75,61.7,289.0,0
2026-03-24 17:00:00,17.11,61.4,122.0,0
2026-03-24 18:00:00,19.47,59.4,0.0,0
2026-03-24 19:00:00,18.48,63.4,0.0,0
2026-03-24 20:00:00,13.46,73.9,0.0,0
2026-03-24 21:00:00,9.86,77.5,0.0,0
2026-03-24 22:00:00,9.55,81.8,0.0,0
2026-03-24 23:00:00,7.92,78.9,3262.0,1
2026-03-25 00:00:00,6.62,80.1,0.0,0
2026-03-25 01:00:00,4.89,95.0,0.0,0
2026-03-25 02:00:00,6.31,83.5,0.0,0
2026-03-25 03:00:00,6.53,78.7,0.0,0
2026-03-25 04:00:00,5.31,80.7,0.0,0
2026-03-25 05:00:00,8.78,74.2,0.0,0
2026-03-25 06:00:00,11.79,76.9,0.0,0
2026-03-25 07:00:00,11.84,71.6,242.0,0
2026-03-25 08:00:00,13.4,71.1,540.0,0
2026-03-25 09:00:00,15.66,66.7,717.0,0
2026-03-25 10:00:00,18.35,65.6,854.0,0
2026-03-25 11:00:00,17.66,60.4,984.0,0
2026-03-25 12:00:00,20.83,54.4,1039.0,0
2026-03-25 13:00:00,21.07,59.2,1008.0,0
2026-03-25 14:00:00,23.58,56.7,967.0,0
2026-03-25 15:00:00,21.29,59.3,702.0,0
2026-03-25 16:00:00,22.33,53.0,512.0,0
2026-03-25 17:00:00,18.29,65.4,284.0,0
2026-03-25 18:00:00,18.32,59.7,0.0,0
2026-03-25 19:00:00,16.12,64.1,0.0,0
2026-03-25 20:00:00,12.87,67.6,0.0,0
2026-03-25 21:00:00,11.84,78.3,0.0,0
2026-03-25 22:00:00,10.95,77.0,0.0,0
2026-03-25 23:00:00,7.75,82.0,0.0,0
2026-03-26 00:00:00,5.01,89.0,0.0,0
2026-03-26 01:00:00,5.88,93.8,0.0,0
2026-03-26 02:00:00,4.73,77.6,0.0,0
2026-03-26 03:00:00,5.56,80.2,0.0,0
2026-03-26 04:00:00,6.62,78.9,0.0,0
2026-03-26 05:00:00,6.27,78.6,0.0,0
2026-03-26 06:00:00,8.01,74.9,0.0,0
2026-03-26 07:00:00,12.04,71.5,122.0,0
2026-03-26 08:00:00,13.11,66.2,336.0,0
2026-03-26 09:00:00,13.13,72.3,461.0,0
2026-03-26 10:00:00,18.41,62.7,548.0,0
2026-03-26 11:00:00,19.56,62.6,656.0,0
2026-03-26 12:00:00,19.84,62.3,670.0,0
2026-03-26 13:00:00,20.04,62.3,711.0,0
2026-03-26 14:00:00,22.46,54.6,641.0,0
2026-03-26 15:00:00,21.71,65.8,467.0,0
2026-03-26 16:00:00,22.94,56.2,346.0,0
2026-03-26 17:00:00,19.71,53.0,110.0,0
2026-03-26 18:00:00,18.02,59.2,0.0,0
2026-03-26 19:00:00,15.53,60.2,0.0,0
2026-03-26 20:00:00,14.45,69.0,0.0,0
2026-03-26 21:00:00,12.18,72.0,0.0,0
2026-03-26 22:00:00,10.88,72.7,0.0,0
2026-03-26 23:00:00,7.45,88.1,0.0,0
2026-03-27 00:00:00,-0.14,94.4,0.0,0
2026-03-27 01:00:00,-0.98,96.0,0.0,0
2026-03-27 02:00:00,0.02,88.2,0.0,0
2026-03-27 03:00:00,1.0,86.4,0.0,0
2026-03-27 04:00:00,-0.16,92.4,0.0,0
2026-03-27 05:00:00,1.15,90.9,0.0,0
2026-03-27 06:00:00,3.54,78.9,16.0,0
2026-03-27 07:00:00,11.47,72.9,300.0,0
2026-03-27 08:00:00,14.74,68.5,488.0,0
2026-03-27 09:00:00,13.61,69.4,772.0,0
2026-03-27 10:00:00,16.96,61.6,834.0,0
2026-03-27 11:00:00,18.66,60.0,948.0,0
2026-03-27 12:00:00,18.4,61.9,5939.0,1
2026-03-27 13:00:00,20.55,59.5,1065.0,0
2026-03-27 14:00:00,20.87,61.0,914.0,0
2026-03-27 15:00:00,21.31,62.2,729.0,0
2026-03-27 16:00:00,21.83,55.9,429.0,0
2026-03-27 17:00:00,19.2,59.5,186.0,0
2026-03-27 18:00:00,16.76,66.9,5.0,0
2026-03-27 19:00:00,15.8,69.2,0.0,0
2026-03-27 20:00:00,14.84,66.5,0.0,0
2026-03-27 21:00:00,10.74,78.0,0.0,0
2026-03-27 22:00:00,2.32,92.2,0.0,0
2026-03-27 23:00:00,2.13,93.8,0.0,0
2026-03-28 00:00:00,-1.96,96.0,0.0,0
2026-03-28 01:00:00,-1.89,91.6,0.0,0
2026-03-28 02:00:00,-2.83,96.0,0.0,0
2026-03-28 03:00:00,-1.84,95.0,0.0,0
2026-03-28 04:00:00,-2.78,96.0,0.0,0
2026-03-28 05:00:00,-0.48,90.2,0.0,0
2026-03-28 06:00:00,0.98,84.5,0.0,0
2026-03-28 07:00:00,10.61,75.4,202.0,0
2026-03-28 08:00:00,12.33,69.2,477.0,0
2026-03-28 09:00:00,16.65,65.7,676.0,0
2026-03-28 10:00:00,17.55,60.7,860.0,0
2026-03-28 11:00:00,18.53,57.9,923.0,0
2026-03-28 12:00:00,20.73,59.8,999.0,0
2026-03-28 13:00:00,22.75,56.2,918.0,0
2026-03-28 14:00:00,19.62,62.9,818.0,0
2026-03-28 15:00:00,20.13,68.5,714.0,0
2026-03-28 16:00:00,19.9,61.3,436.0,0
2026-03-28 17:00:00,21.02,60.3,358.0,0
2026-03-28 18:00:00,18.18,58.6,15.0,0
2026-03-28 19:00:00,16.74,60.1,0.0,0
2026-03-28 20:00:00,12.76,77.9,0.0,0
2026-03-28 21:00:00,10.71,71.2,0.0,0
2026-03-28 22:00:00,1.64,85.2,0.0,0
2026-03-28 23:00:00,-0.41,92.5,0.0,0
2026-03-29 00:00:00,7.64,79.4,0.0,0
2026-03-29 01:00:00,6.11,78.6,0.0,0
2026-03-29 02:00:00,6.3,80.7,0.0,0
2026-03-29 03:00:00,6.45,86.6,0.0,0
2026-03-29 04:00:00,7.87,76.2,0.0,0
2026-03-29 05:00:00,9.17,71.7,0.0,0
2026-03-29 06:00:00,8.4,82.3,15.0,0
2026-03-29 07:00:00,9.7,78.4,254.0,0
2026-03-29 08:00:00,15.02,65.5,525.0,0
2026-03-29 09:00:00,17.28,58.0,668.0,0
2026-03-29 10:00:00,17.0,61.8,715.0,0
2026-03-29 11:00:00,17.82,63.3,925.0,0
2026-03-29 12:00:00,21.05,63.0,886.0,0
2026-03-29 13:00:00,22.68,51.6,873.0,0
2026-03-29 14:00:00,23.82,53.6,728.0,0
2026-03-29 15:00:00,22.27,59.1,657.0,0
2026-03-29 16:00:00,20.58,49.5,424.0,0
2026-03-29 17:00:00,18.79,66.1,237.0,0
2026-03-29 18:00:00,18.03,58.4,0.0,0
2026-03-29 19:00:00,15.79,68.1,0.0,0
2026-03-29 20:00:00,13.01,72.2,0.0,0
2026-03-29 21:00:00,14.0,73.9,0.0,0
2026-03-29 22:00:00,11.81,75.3,0.0,0
2026-03-29 23:00:00,9.5,67.3,0.0,0
2026-03-30 00:00:00,6.3,78.8,0.0,0
2026-03-30 01:00:00,7.28,80.9,0.0,0
2026-03-30 02:00:00,6.79,80.4,0.0,0
2026-03-30 03:00:00,6.87,82.9,0.0,0
2026-03-30 04:00:00,8.47,81.6,0.0,0
2026-03-30 05:00:00,9.13,79.8,0.0,0
2026-03-30 06:00:00,10.89,73.7,77.0,0
2026-03-30 07:00:00,49.11,64.3,316.0,1
2026-03-30 08:00:00,14.49,67.0,459.0,0
2026-03-30 09:00:00,14.44,70.6,649.0,0
2026-03-30 10:00:00,18.23,58.5,777.0,0
2026-03-30 11:00:00,19.25,63.7,927.0,0
2026-03-30 12:00:00,19.8,0.0,901.0,1
2026-03-30 13:00:00,23.56,54.8,866.0,0
2026-03-30 14:00:00,23.88,41.5,831.0,0
2026-03-30 15:00:00,23.24,49.7,625.0,0
2026-03-30 16:00:00,21.33,65.4,455.0,0
2026-03-30 17:00:00,21.16,56.0,173.0,0
2026-03-30 18:00:00,18.16,55.0,28.0,0
2026-03-30 19:00:00,16.42,70.7,0.0,0
2026-03-30 20:00:00,13.06,71.2,0.0,0
2026-03-30 21:00:00,12.48,76.5,0.0,0
2026-03-30 22:00:00,10.21,76.8,0.0,0
2026-03-30 23:00:00,7.19,82.3,0.0,0
2026-03-31 00:00:00,7.81,80.9,0.0,0
2026-03-31 01:00:00,6.99,83.6,0.0,0
2026-03-31 02:00:00,8.59,87.4,0.0,0
2026-03-31 03:00:00,7.96,83.1,0.0,0
2026-03-31 04:00:00,7.88,73.1,0.0,0
2026-03-31 05:00:00,9.39,78.8,0.0,0
2026-03-31 06:00:00,10.84,79.2,78.0,0
2026-03-31 07:00:00,12.52,76.8,228.0,0
2026-03-31 08:00:00,13.71,68.4,443.0,0
2026-03-31 09:00:00,16.71,69.9,510.0,0
2026-03-31 10:00:00,18.05,66.8,676.0,0
2026-03-31 11:00:00,19.2,71.6,705.0,0
2026-03-31 12:00:00,22.23,53.4,760.0,0
2026-03-31 13:00:00,22.91,53.3,774.0,0
2026-03-31 14:00:00,21.01,57.2,670.0,0
2026-03-31 15:00:00,22.4,54.2,487.0,0
2026-03-31 16:00:00,22.72,52.1,332.0,0
2026-03-31 17:00:00,21.51,46.5,144.0,0
2026-03-31 18:00:00,19.82,58.5,20.0,0
2026-03-31 19:00:00,16.9,66.4,0.0,0
2026-03-31 20:00:00,13.95,67.7,0.0,0
2026-03-31 21:00:00,11.64,81.1,0.0,0
2026-03-31 22:00:00,11.14,74.2,0.0,0
2026-03-31 23:00:00,9.52,81.9,0.0,0
2026-04-01 00:00:00,9.03,78.6,0.0,0
2026-04-01 01:00:00,8.04,82.4,0.0,0
2026-04-01 02:00:00,6.54,82.7,0.0,0
2026-04-01 03:00:00,5.7,88.4,0.0,0
2026-04-01 04:00:00,7.42,80.3,0.0,0
2026-04-01 05:00:00,9.23,79.2,0.0,0
2026-04-01 06:00:00,10.47,76.7,83.0,0
2026-04-01 07:00:00,12.02,71.6,288.0,0
2026-04-01 08:00:00,14.92,69.7,375.0,0
2026-04-01 09:00:00,16.24,75.0,694.0,0
2026-04-01 10:00:00,18.04,62.0,818.0,0
2026-04-01 11:00:00,20.64,60.7,809.0,0
2026-04-01 12:00:00,21.2,63.1,889.0,0
2026-04-01 13:00:00,22.64,60.3,915.0,0
2026-04-01 14:00:00,22.95,55.3,803.0,0
2026-04-01 15:00:00,21.26,48.5,585.0,0
2026-04-01 16:00:00,21.12,60.3,475.0,0
2026-04-01 17:00:00,21.77,48.3,148.0,0
2026-04-01 18:00:00,17.51,69.9,0.0,0
2026-04-01 19:00:00,14.63,69.3,0.0,0
2026-04-01 20:00:00,12.81,75.5,0.0,0
2026-04-01 21:00:00,12.63,68.2,0.0,0
2026-04-01 22:00:00,10.7,68.7,0.0,0
2026-04-01 23:00:00,8.9,78.8,0.0,0
2026-04-02 00:00:00,8.8,77.8,0.0,0
2026-04-02 01:00:00,4.12,83.4,0.0,0
2026-04-02 02:00:00,6.91,81.3,0.0,0
2026-04-02 03:00:00,8.35,89.7,0.0,0
2026-04-02 04:00:00,6.46,85.0,0.0,0
2026-04-02 05:00:00,8.48,82.6,0.0,0
2026-04-02 06:00:00,9.77,79.8,46.0,0
2026-04-02 07:00:00,11.55,79.4,184.0,0
2026-04-02 08:00:00,14.19,68.5,334.0,0
2026-04-02 09:00:00,18.02,55.0,536.0,0
2026-04-02 10:00:00,20.36,58.7,652.0,0
2026-04-02 11:00:00,19.84,63.5,737.0,0
2026-04-02 12:00:00,23.35,50.8,743.0,0
2026-04-02 13:00:00,22.28,55.6,728.0,0
2026-04-02 14:00:00,24.27,50.4,643.0,0
2026-04-02 15:00:00,22.15,62.6,512.0,0
2026-04-02 16:00:00,21.58,60.5,358.0,0
2026-04-02 17:00:00,20.54,61.7,174.0,0
2026-04-02 18:00:00,21.7,59.8,0.0,0
2026-04-02 19:00:00,17.44,63.9,0.0,0
2026-04-02 20:00:00,13.81,70.7,0.0,0
2026-04-02 21:00:00,13.42,65.8,0.0,0
2026-04-02 22:00:00,10.16,67.0,0.0,0
2026-04-02 23:00:00,8.37,79.2,0.0,0
2026-04-03 00:00:00,8.25,80.1,0.0,0
2026-04-03 01:00:00,6.58,86.3,0.0,0
2026-04-03 02:00:00,6.55,87.8,0.0,0
2026-04-03 03:00:00,6.56,87.8,0.0,0
2026-04-03 04:00:00,7.68,75.7,0.0,0
2026-04-03 05:00:00,9.04,76.1,0.0,0
2026-04-03 06:00:00,8.34,80.6,0.0,0
2026-04-03 07:00:00,12.87,81.5,254.0,0
2026-04-03 08:00:00,13.29,76.7,522.0,0
2026-04-03 09:00:00,14.9,72.6,782.0,0
2026-04-03 10:00:00,18.22,61.3,885.0,0
2026-04-03 11:00:00,20.01,56.4,1029.0,0
2026-04-03 12:00:00,20.51,62.3,1067.0,0
2026-04-03 13:00:00,22.83,51.1,980.0,0
2026-04-03 14:00:00,20.93,57.6,910.0,0
2026-04-03 15:00:00,21.59,57.0,714.0,0
2026-04-03 16:00:00,20.62,65.4,565.0,0
2026-04-03 17:00:00,19.88,58.8,290.0,0
2026-04-03 18:00:00,18.55,52.6,0.0,0
2026-04-03 19:00:00,15.34,69.5,0.0,0
2026-04-03 20:00:00,15.0,65.2,0.0,0
2026-04-03 21:00:00,12.27,72.5,0.0,0
2026-04-03 22:00:00,8.38,78.2,0.0,0
2026-04-03 23:00:00,6.66,80.3,0.0,0
2026-04-04 00:00:00,-1.74,96.0,0.0,0
2026-04-04 01:00:00,-2.75,90.3,0.0,0
2026-04-04 02:00:00,-2.9,94.6,0.0,0
2026-04-04 03:00:00,-2.55,96.0,0.0,0
2026-04-04 04:00:00,-1.5,91.9,0.0,0
2026-04-04 05:00:00,0.49,84.8,0.0,0
2026-04-04 06:00:00,0.09,94.5,6.0,0
2026-04-04 07:00:00,11.22,78.5,262.0,0
2026-04-04 08:00:00,13.37,70.4,371.0,0
2026-04-04 09:00:00,16.82,57.2,553.0,0
2026-04-04 10:00:00,19.7,63.3,677.0,0
2026-04-04 11:00:00,19.68,53.9,690.0,0
2026-04-04 12:00:00,18.89,63.0,777.0,0
2026-04-04 13:00:00,20.48,55.7,675.0,0
2026-04-04 14:00:00,21.63,52.8,630.0,0
2026-04-04 15:00:00,21.63,55.6,578.0,0
2026-04-04 16:00:00,20.98,57.7,393.0,0
2026-04-04 17:00:00,20.15,57.2,184.0,0
2026-04-04 18:00:00,18.15,65.3,18.0,0
2026-04-04 19:00:00,17.58,62.1,0.0,0
2026-04-04 20:00:00,13.78,73.9,0.0,0
2026-04-04 21:00:00,11.53,74.7,0.0,0
2026-04-04 22:00:00,1.68,86.5,0.0,0
2026-04-04 23:00:00,-1.99,91.7,0.0,0
2026-04-05 00:00:00,8.26,72.2,0.0,0
2026-04-05 01:00:00,7.17,81.7,0.0,0
2026-04-05 02:00:00,6.65,79.9,0.0,0
2026-04-05 03:00:00,8.66,68.7,0.0,0
2026-04-05 04:00:00,7.25,78.3,0.0,0
2026-04-05 05:00:00,11.2,70.5,0.0,0
2026-04-05 06:00:00,10.57,81.4,0.0,0
2026-04-05 07:00:00,11.45,66.9,191.0,0
2026-04-05 08:00:00,14.87,62.4,395.0,0
2026-04-05 09:00:00,15.79,71.2,492.0,0
2026-04-05 10:00:00,18.05,68.6,640.0,0
2026-04-05 11:00:00,20.85,55.7,700.0,0
2026-04-05 12:00:00,22.28,53.8,674.0,0
2026-04-05 13:00:00,21.9,59.4,675.0,0
2026-04-05 14:00:00,23.78,44.6,701.0,0
2026-04-05 15:00:00,23.68,46.7,537.0,0
2026-04-05 16:00:00,23.16,53.8,316.0,0
2026-04-05 17:00:00,46.43,64.6,129.0,1
2026-04-05 18:00:00,20.16,58.0,0.0,0
2026-04-05 19:00:00,14.99,68.4,0.0,0
2026-04-05 20:00:00,14.48,73.4,0.0,0
2026-04-05 21:00:00,11.86,81.5,0.0,0
2026-04-05 22:00:00,10.92,72.2,0.0,0
2026-04-05 23:00:00,8.57,78.2,0.0,0
2026-04-06 00:00:00,7.67,87.0,0.0,0
2026-04-06 01:00:00,8.92,71.6,0.0,0
2026-04-06 02:00:00,6.59,85.6,0.0,0
2026-04-06 03:00:00,7.45,76.0,0.0,0
2026-04-06 04:00:00,7.6,80.2,0.0,0
2026-04-06 05:00:00,9.18,76.3,0.0,0
2026-04-06 06:00:00,10.77,70.9,62.0,0
2026-04-06 07:00:00,13.14,67.0,233.0,0
2026-04-06 08:00:00,15.93,67.6,3971.0,1
2026-04-06 09:00:00,18.48,66.4,671.0,0
2026-04-06 10:00:00,19.07,61.0,823.0,0
2026-04-06 11:00:00,21.01,58.7,844.0,0
2026-04-06 12:00:00,20.54,61.4,966.0,0
2026-04-06 13:00:00,22.4,52.3,884.0,0
2026-04-06 14:00:00,23.7,57.0,839.0,0
2026-04-06 15:00:00,23.36,57.9,624.0,0
2026-04-06 16:00:00,21.9,67.4,471.0,0
2026-04-06 17:00:00,21.31,56.4,254.0,0
2026-04-06 18:00:00,19.25,59.4,0.0,0
2026-04-06 19:00:00,18.03,66.2,0.0,0
2026-04-06 20:00:00,15.05,71.2,0.0,0
2026-04-06 21:00:00,12.34,70.1,0.0,0
2026-04-06 22:00:00,11.1,72.6,0.0,0
2026-04-06 23:00:00,6.18,84.3,0.0,0
2026-04-07 00:00:00,7.97,75.9,0.0,0
2026-04-07 01:00:00,3.14,85.3,0.0,0
2026-04-07 02:00:00,4.79,84.7,0.0,0
2026-04-07 03:00:00,7.24,84.4,0.0,0
2026-04-07 04:00:00,8.06,76.7,0.0,0
2026-04-07 05:00:00,7.69,72.3,0.0,0
2026-04-07 06:00:00,9.8,68.7,16.0,0
2026-04-07 07:00:00,13.81,64.9,224.0,0
2026-04-07 08:00:00,14.03,64.3,427.0,0
2026-04-07 09:00:00,18.82,61.3,705.0,0
2026-04-07 10:00:00,18.51,57.6,826.0,0
2026-04-07 11:00:00,20.58,56.3,844.0,0
2026-04-07 12:00:00,23.06,52.0,928.0,0
2026-04-07 13:00:00,22.37,54.4,845.0,0
2026-04-07 14:00:00,21.51,62.9,737.0,0
2026-04-07 15:00:00,22.13,59.2,682.0,0
2026-04-07 16:00:00,21.4,57.8,385.0,0
2026-04-07 17:00:00,18.8,60.1,271.0,0
2026-04-07 18:00:00,18.26,61.1,0.0,0
2026-04-07 19:00:00,15.84,68.0,0.0,0
2026-04-07 20:00:00,15.44,69.6,0.0,0
2026-04-07 21:00:00,12.48,68.4,0.0,0
2026-04-07 22:00:00,10.23,75.8,0.0,0
2026-04-07 23:00:00,8.75,69.9,0.0,0
2026-04-08 00:00:00,7.56,80.8,0.0,0
2026-04-08 01:00:00,7.15,83.6,0.0,0
2026-04-08 02:00:00,5.26,82.5,0.0,0
2026-04-08 03:00:00,5.5,90.5,0.0,0
2026-04-08 04:00:00,8.44,75.0,0.0,0
2026-04-08 05:00:00,8.19,79.8,0.0,0
2026-04-08 06:00:00,8.85,77.7,0.0,0
2026-04-08 07:00:00,12.64,71.4,229.0,0
2026-04-08 08:00:00,14.73,68.0,433.0,0
2026-04-08 09:00:00,14.8,68.7,546.0,0
2026-04-08 10:00:00,18.49,65.8,738.0,0
2026-04-08 11:00:00,46.95,64.5,796.0,1
2026-04-08 12:00:00,21.57,57.5,769.0,0
2026-04-08 13:00:00,22.62,59.1,785.0,0
2026-04-08 14:00:00,20.86,55.8,765.0,0
2026-04-08 15:00:00,22.32,59.3,647.0,0
2026-04-08 16:00:00,20.89,55.5,438.0,0
2026-04-08 17:00:00,19.44,65.3,165.0,0
2026-04-08 18:00:00,19.13,70.2,20.0,0
2026-04-08 19:00:00,17.81,63.0,0.0,0
2026-04-08 20:00:00,16.06,57.5,0.0,0
2026-04-08 21:00:00,13.51,68.2,0.0,0
2026-04-08 22:00:00,10.15,80.7,0.0,0
2026-04-08 23:00:00,8.96,79.9,0.0,0
2026-04-09 00:00:00,8.3,79.7,0.0,0
2026-04-09 01:00:00,6.85,85.1,0.0,0
2026-04-09 02:00:00,6.59,83.4,0.0,0
2026-04-09 03:00:00,7.56,84.8,0.0,0
2026-04-09 04:00:00,7.47,83.7,0.0,0
2026-04-09 05:00:00,8.07,85.2,0.0,0
2026-04-09 06:00:00,10.04,77.4,34.0,0
2026-04-09 07:00:00,13.02,74.8,261.0,0
2026-04-09 08:00:00,14.46,67.6,479.0,0
2026-04-09 09:00:00,16.87,62.6,648.0,0
2026-04-09 10:00:00,19.13,68.2,773.0,0
2026-04-09 11:00:00,19.74,61.3,841.0,0
2026-04-09 12:00:00,22.14,59.8,820.0,0
2026-04-09 13:00:00,22.57,56.4,879.0,0
2026-04-09 14:00:00,21.22,55.7,783.0,0
2026-04-09 15:00:00,23.63,54.2,656.0,0
2026-04-09 16:00:00,20.89,64.3,394.0,0
2026-04-09 17:00:00,18.46,64.7,258.0,0
2026-04-09 18:00:00,17.41,57.3,82.0,0
2026-04-09 19:00:00,15.51,66.3,0.0,0
2026-04-09 20:00:00,14.51,75.9,0.0,0
2026-04-09 21:00:00,12.11,71.8,0.0,0
2026-04-09 22:00:00,10.12,68.6,0.0,0
2026-04-09 23:00:00,9.42,84.5,0.0,0
2026-04-10 00:00:00,8.09,81.8,0.0,0
2026-04-10 01:00:00,7.27,80.1,0.0,0
2026-04-10 02:00:00,7.09,79.2,0.0,0
2026-04-10 03:00:00,7.57,84.2,0.0,0
2026-04-10 04:00:00,5.65,80.8,0.0,0
2026-04-10 05:00:00,8.66,82.7,0.0,0
2026-04-10 06:00:00,8.5,80.6,3.0,0
2026-04-10 07:00:00,12.65,72.7,178.0,0
2026-04-10 08:00:00,14.68,69.1,361.0,0
2026-04-10 09:00:00,17.8,62.8,574.0,0
2026-04-10 10:00:00,19.87,64.4,563.0,0
2026-04-10 11:00:00,20.54,55.7,681.0,0
2026-04-10 12:00:00,21.11,51.7,665.0,0
2026-04-10 13:00:00,22.89,57.8,651.0,0
2026-04-10 14:00:00,22.15,59.1,602.0,0
2026-04-10 15:00:00,22.41,58.1,547.0,0
2026-04-10 16:00:00,22.6,57.5,421.0,0
2026-04-10 17:00:00,19.78,59.1,198.0,0
2026-04-10 18:00:00,19.49,64.0,0.0,0
2026-04-10 19:00:00,17.43,63.9,0.0,0
2026-04-10 20:00:00,13.73,68.1,0.0,0
2026-04-10 21:00:00,13.59,69.0,0.0,0
2026-04-10 22:00:00,11.38,81.9,0.0,0
2026-04-10 23:00:00,9.13,70.5,0.0,0
2026-04-11 00:00:00,7.15,82.6,0.0,0
2026-04-11 01:00:00,6.26,75.3,0.0,0
2026-04-11 02:00:00,6.31,81.5,0.0,0
2026-04-11 03:00:00,7.66,78.0,0.0,0
2026-04-11 04:00:00,6.96,72.5,0.0,0
2026-04-11 05:00:00,9.63,78.2,0.0,0
2026-04-11 06:00:00,9.6,75.1,100.0,0
2026-04-11 07:00:00,12.57,63.5,219.0,0
2026-04-11 08:00:00,14.95,71.4,434.0,0
2026-04-11 09:00:00,19.36,66.8,3418.0,1
2026-04-11 10:00:00,17.47,70.0,846.0,0
2026-04-11 11:00:00,21.97,58.3,920.0,0
2026-04-11 12:00:00,21.92,57.1,1010.0,0
2026-04-11 13:00:00,22.98,60.5,826.0,0
2026-04-11 14:00:00,22.96,62.0,849.0,0
2026-04-11 15:00:00,23.02,59.7,648.0,0
2026-04-11 16:00:00,21.62,53.6,489.0,0
2026-04-11 17:00:00,21.96,57.7,170.0,0
2026-04-11 18:00:00,18.39,64.3,59.0,0
2026-04-11 19:00:00,18.05,55.9,0.0,0
2026-04-11 20:00:00,14.2,71.2,0.0,0
2026-04-11 21:00:00,12.71,80.7,0.0,0
2026-04-11 22:00:00,9.77,78.9,0.0,0
2026-04-11 23:00:00,9.64,82.5,0.0,0
2026-04-12 00:00:00,9.16,78.1,0.0,0
2026-04-12 01:00:00,6.84,80.8,0.0,0
2026-04-12 02:00:00,6.45,83.2,0.0,0
2026-04-12 03:00:00,5.8,79.5,0.0,0
2026-04-12 04:00:00,7.49,76.2,0.0,0
2026-04-12 05:00:00,7.4,85.2,0.0,0
2026-04-12 06:00:00,9.73,81.9,31.0,0
2026-04-12 07:00:00,12.8,67.6,191.0,0
2026-04-12 08:00:00,15.96,70.3,398.0,0
2026-04-12 09:00:00,19.53,60.4,495.0,0
2026-04-12 10:00:00,18.06,64.5,621.0,0
2026-04-12 11:00:00,21.74,59.1,700.0,0
2026-04-12 12:00:00,21.82,61.1,670.0,0
2026-04-12 13:00:00,22.22,56.8,753.0,0
2026-04-12 14:00:00,23.08,60.7,692.0,0
2026-04-12 15:00:00,22.43,57.3,498.0,0
2026-04-12 16:00:00,21.68,59.8,386.0,0
2026-04-12 17:00:00,19.89,56.8,182.0,0
2026-04-12 18:00:00,17.25,73.0,13.0,0
2026-04-12 19:00:00,15.17,69.6,0.0,0
2026-04-12 20:00:00,15.3,70.4,0.0,0
2026-04-12 21:00:00,12.3,65.9,0.0,0
2026-04-12 22:00:00,10.05,72.6,0.0,0
2026-04-12 23:00:00,9.0,82.6,0.0,0
2026-04-13 00:00:00,8.58,79.4,0.0,0
2026-04-13 01:00:00,7.17,72.9,0.0,0
2026-04-13 02:00:00,6.06,86.5,0.0,0
2026-04-13 03:00:00,8.21,76.7,0.0,0
2026-04-13 04:00:00,9.37,82.7,0.0,0
2026-04-13 05:00:00,9.55,76.4,0.0,0
2026-04-13 06:00:00,11.69,74.1,0.0,0
2026-04-13 07:00:00,13.89,74.5,157.0,0
2026-04-13 08:00:00,15.85,63.1,414.0,0
2026-04-13 09:00:00,17.4,60.2,524.0,0
2026-04-13 10:00:00,19.31,60.3,726.0,0
2026-04-13 11:00:00,20.89,61.9,721.0,0
2026-04-13 12:00:00,20.55,53.8,708.0,0
2026-04-13 13:00:00,23.14,48.3,768.0,0
2026-04-13 14:00:00,21.36,61.1,670.0,0
2026-04-13 15:00:00,21.65,55.0,556.0,0
2026-04-13 16:00:00,22.95,53.7,420.0,0
2026-04-13 17:00:00,21.21,50.6,167.0,0
2026-04-13 18:00:00,20.2,57.0,0.0,0
2026-04-13 19:00:00,16.51,65.5,0.0,0
2026-04-13 20:00:00,13.56,74.0,0.0,0
2026-04-13 21:00:00,12.4,69.1,0.0,0
2026-04-13 22:00:00,10.82,81.3,0.0,0
2026-04-13 23:00:00,9.14,74.6,0.0,0
2026-04-14 00:00:00,8.96,74.9,0.0,0
2026-04-14 01:00:00,6.66,87.5,0.0,0
2026-04-14 02:00:00,7.1,81.5,0.0,0
2026-04-14 03:00:00,6.03,80.1,0.0,0
2026-04-14 04:00:00,8.27,78.1,0.0,0
2026-04-14 05:00:00,9.1,82.9,0.0,0
2026-04-14 06:00:00,10.0,81.9,0.0,0
2026-04-14 07:00:00,12.44,68.8,129.0,0
2026-04-14 08:00:00,14.57,68.5,339.0,0
2026-04-14 09:00:00,16.55,65.9,547.0,0
2026-04-14 10:00:00,20.52,55.2,614.0,0
2026-04-14 11:00:00,20.31,59.3,620.0,0
2026-04-14 12:00:00,21.43,57.7,636.0,0
2026-04-14 13:00:00,20.38,64.0,741.0,0
2026-04-14 14:00:00,21.86,61.9,601.0,0
2026-04-14 15:00:00,22.21,55.1,468.0,0
2026-04-14 16:00:00,20.99,57.6,338.0,0
2026-04-14 17:00:00,21.79,59.8,122.0,0
2026-04-14 18:00:00,18.59,59.9,57.0,0
2026-04-14 19:00:00,18.11,65.4,0.0,0
2026-04-14 20:00:00,14.81,67.9,0.0,0
2026-04-14 21:00:00,12.72,67.8,0.0,0
2026-04-14 22:00:00,10.66,71.1,0.0,0
2026-04-14 23:00:00,9.1,83.2,0.0,0
2026-04-15 00:00:00,9.61,76.0,0.0,0
2026-04-15 01:00:00,4.77,90.9,0.0,0
2026-04-15 02:00:00,4.81,82.2,0.0,0
2026-04-15 03:00:00,6.55,82.7,0.0,0
2026-04-15 04:00:00,7.9,88.9,0.0,0
2026-04-15 05:00:00,9.85,72.0,0.0,0
2026-04-15 06:00:00,11.29,66.3,0.0,0
2026-04-15 07:00:00,12.36,77.4,254.0,0
2026-04-15 08:00:00,15.83,63.4,387.0,0
2026-04-15 09:00:00,17.92,63.3,601.0,0
2026-04-15 10:00:00,19.0,59.3,677.0,0
2026-04-15 11:00:00,21.44,58.8,778.0,0
2026-04-15 12:00:00,22.02,53.0,798.0,0
2026-04-15 13:00:00,21.98,56.1,768.0,0
2026-04-15 14:00:00,23.51,56.2,680.0,0
2026-04-15 15:00:00,22.65,51.7,535.0,0
2026-04-15 16:00:00,21.75,54.4,461.0,0
2026-04-15 17:00:00,21.95,55.5,163.0,0
2026-04-15 18:00:00,16.36,60.1,0.0,0
2026-04-15 19:00:00,15.47,65.6,0.0,0
2026-04-15 20:00:00,13.63,70.7,0.0,0
2026-04-15 21:00:00,12.38,70.6,0.0,0
2026-04-15 22:00:00,10.56,74.0,0.0,0
2026-04-15 23:00:00,7.65,79.7,0.0,0
2026-04-16 00:00:00,7.16,77.9,0.0,0
2026-04-16 01:00:00,6.49,84.4,0.0,0
2026-04-16 02:00:00,9.53,82.5,0.0,0
2026-04-16 03:00:00,9.15,75.5,0.0,0
2026-04-16 04:00:00,7.74,81.6,0.0,0
2026-04-16 05:00:00,9.06,76.6,0.0,0
2026-04-16 06:00:00,9.93,77.6,1.0,0
2026-04-16 07:00:00,11.1,80.5,215.0,0
2026-04-16 08:00:00,14.96,70.1,367.0,0
2026-04-16 09:00:00,16.15,59.1,556.0,0
2026-04-16 10:00:00,18.99,63.4,659.0,0
2026-04-16 11:00:00,19.13,66.3,680.0,0
2026-04-16 12:00:00,21.24,57.1,770.0,0
2026-04-16 13:00:00,22.95,59.3,699.0,0
2026-04-16 14:00:00,23.44,51.7,597.0,0
2026-04-16 15:00:00,23.22,48.9,549.0,0
2026-04-16 16:00:00,20.68,59.5,404.0,0
2026-04-16 17:00:00,21.59,50.4,220.0,0
2026-04-16 18:00:00,18.28,61.8,23.0,0
2026-04-16 19:00:00,17.78,68.7,0.0,0
2026-04-16 20:00:00,15.07,60.3,0.0,0
2026-04-16 21:00:00,11.63,68.3,0.0,0
2026-04-16 22:00:00,10.76,70.7,0.0,0
2026-04-16 23:00:00,9.79,76.1,0.0,0
2026-04-17 00:00:00,8.83,76.4,0.0,0
2026-04-17 01:00:00,7.28,86.0,0.0,0
2026-04-17 02:00:00,8.68,81.9,0.0,0
2026-04-17 03:00:00,8.42,80.5,0.0,0
2026-04-17 04:00:00,7.96,79.8,0.0,0
2026-04-17 05:00:00,10.24,77.2,0.0,0
2026-04-17 06:00:00,13.08,67.6,0.0,0
2026-04-17 07:00:00,15.03,71.4,158.0,0
2026-04-17 08:00:00,13.92,65.3,489.0,0
2026-04-17 09:00:00,16.29,100.0,538.0,1
2026-04-17 10:00:00,20.63,63.7,735.0,0
2026-04-17 11:00:00,19.74,61.3,765.0,0
2026-04-17 12:00:00,20.75,58.1,824.0,0
2026-04-17 13:00:00,22.39,57.8,767.0,0
2026-04-17 14:00:00,23.56,42.9,733.0,0
2026-04-17 15:00:00,22.77,56.8,586.0,0
2026-04-17 16:00:00,21.42,57.3,392.0,0
2026-04-17 17:00:00,20.13,59.6,170.0,0
2026-04-17 18:00:00,18.43,65.3,11.0,0
2026-04-17 19:00:00,16.34,65.6,0.0,0
2026-04-17 20:00:00,17.43,59.6,0.0,0
2026-04-17 21:00:00,13.37,70.0,0.0,0
2026-04-17 22:00:00,12.03,73.0,0.0,0
2026-04-17 23:00:00,9.0,78.1,0.0,0
2026-04-18 00:00:00,8.23,79.5,0.0,0
2026-04-18 01:00:00,6.91,85.1,0.0,0
2026-04-18 02:00:00,4.7,80.1,0.0,0
2026-04-18 03:00:00,6.24,82.7,0.0,0
2026-04-18 04:00:00,6.61,86.6,0.0,0
2026-04-18 05:00:00,7.44,73.2,0.0,0
2026-04-18 06:00:00,10.15,76.5,0.0,0
2026-04-18 07:00:00,14.6,66.3,201.0,0
2026-04-18 08:00:00,15.3,66.0,460.0,0
2026-04-18 09:00:00,18.71,58.4,556.0,0
2026-04-18 10:00:00,19.76,59.7,644.0,0
2026-04-18 11:00:00,21.79,64.5,682.0,0
2026-04-18 12:00:00,21.38,52.7,632.0,0
2026-04-18 13:00:00,23.6,49.6,633.0,0
2026-04-18 14:00:00,24.08,48.3,666.0,0
2026-04-18 15:00:00,22.5,62.9,470.0,0
2026-04-18 16:00:00,22.84,53.6,327.0,0
2026-04-18 17:00:00,21.57,57.4,177.0,0
2026-04-18 18:00:00,18.8,60.3,0.0,0
2026-04-18 19:00:00,16.3,62.1,0.0,0
2026-04-18 20:00:00,14.16,68.4,0.0,0
2026-04-18 21:00:00,50.58,80.5,0.0,1
2026-04-18 22:00:00,11.67,78.9,0.0,0
2026-04-18 23:00:00,8.9,74.4,0.0,0
2026-04-19 00:00:00,8.47,81.0,0.0,0
2026-04-19 01:00:00,8.21,75.5,0.0,0
2026-04-19 02:00:00,7.99,72.1,0.0,0
2026-04-19 03:00:00,9.19,81.4,0.0,0
2026-04-19 04:00:00,9.72,81.1,0.0,0
2026-04-19 05:00:00,8.71,82.2,0.0,0
2026-04-19 06:00:00,13.05,69.2,0.0,0
2026-04-19 07:00:00,12.77,70.9,182.0,0
2026-04-19 08:00:00,16.41,68.7,320.0,0
2026-04-19 09:00:00,17.51,65.6,473.0,0
2026-04-19 10:00:00,18.96,60.1,585.0,0
2026-04-19 11:00:00,19.22,54.8,708.0,0
2026-04-19 12:00:00,22.12,57.1,702.0,0
2026-04-19 13:00:00,21.54,61.9,680.0,0
2026-04-19 14:00:00,24.34,48.3,640.0,0
2026-04-19 15:00:00,24.61,55.2,497.0,0
2026-04-19 16:00:00,21.5,58.9,344.0,0
2026-04-19 17:00:00,48.57,60.9,203.0,1
2026-04-19 18:00:00,18.64,65.7,27.0,0
2026-04-19 19:00:00,16.81,62.3,0.0,0
2026-04-19 20:00:00,16.14,59.7,0.0,0
2026-04-19 21:00:00,13.26,68.7,0.0,0
2026-04-19 22:00:00,13.11,74.6,0.0,0
2026-04-19 23:00:00,9.23,75.1,0.0,0
2026-04-20 00:00:00,9.53,74.0,0.0,0
2026-04-20 01:00:00,7.82,72.2,0.0,0
2026-04-20 02:00:00,8.25,85.8,0.0,0
2026-04-20 03:00:00,7.28,83.7,0.0,0
2026-04-20 04:00:00,8.48,81.5,0.0,0
2026-04-20 05:00:00,9.68,80.4,0.0,0
2026-04-20 06:00:00,10.62,77.3,0.0,0
2026-04-20 07:00:00,14.05,68.5,225.0,0
2026-04-20 08:00:00,16.11,65.6,397.0,0
2026-04-20 09:00:00,18.12,61.3,572.0,0
2026-04-20 10:00:00,20.99,69.0,773.0,0
2026-04-20 11:00:00,22.56,58.1,846.0,0
2026-04-20 12:00:00,22.01,54.9,876.0,0
2026-04-20 13:00:00,23.56,56.2,840.0,0
2026-04-20 14:00:00,22.83,51.4,744.0,0
2026-04-20 15:00:00,23.21,60.9,634.0,0
2026-04-20 16:00:00,21.78,54.5,466.0,0
2026-04-20 17:00:00,22.73,57.6,258.0,0
2026-04-20 18:00:00,19.82,64.6,0.0,0
2026-04-20 19:00:00,17.31,65.8,0.0,0
2026-04-20 20:00:00,16.65,65.7,0.0,0
2026-04-20 21:00:00,11.21,74.1,0.0,0
2026-04-20 22:00:00,9.44,76.7,0.0,0
2026-04-20 23:00:00,10.59,72.7,0.0,0
2026-04-21 00:00:00,1.84,87.3,0.0,0
2026-04-21 01:00:00,1.23,96.0,0.0,0
2026-04-21 02:00:00,-0.62,92.6,0.0,0
2026-04-21 03:00:00,0.95,87.3,0.0,0
2026-04-21 04:00:00,3.78,83.9,0.0,0
2026-04-21 05:00:00,3.87,90.2,0.0,0
2026-04-21 06:00:00,4.87,86.9,55.0,0
2026-04-21 07:00:00,13.13,73.2,186.0,0
2026-04-21 08:00:00,15.25,66.6,367.0,0
2026-04-21 09:00:00,15.59,69.4,495.0,0
2026-04-21 10:00:00,19.9,57.6,602.0,0
2026-04-21 11:00:00,22.15,55.5,631.0,0
2026-04-21 12:00:00,21.0,62.3,712.0,0
2026-04-21 13:00:00,22.71,59.2,775.0,0
2026-04-21 14:00:00,22.49,52.1,577.0,0
2026-04-21 15:00:00,22.41,52.7,487.0,0
2026-04-21 16:00:00,22.63,56.2,324.0,0
2026-04-21 17:00:00,19.22,68.2,158.0,0
2026-04-21 18:00:00,20.26,51.9,62.0,0
2026-04-21 19:00:00,18.47,63.6,0.0,0
2026-04-21 20:00:00,15.39,61.9,0.0,0
2026-04-21 21:00:00,11.09,71.7,0.0,0
2026-04-21 22:00:00,3.71,84.6,0.0,0
2026-04-21 23:00:00,4.28,83.5,0.0,0
2026-04-22 00:00:00,5.5,81.1,0.0,0
2026-04-22 01:00:00,7.13,80.6,0.0,0
2026-04-22 02:00:00,6.03,80.2,0.0,0
2026-04-22 03:00:00,8.28,72.9,0.0,0
2026-04-22 04:00:00,7.6,83.0,0.0,0
2026-04-22 05:00:00,9.95,79.1,0.0,0
2026-04-22 06:00:00,11.77,76.5,0.0,0
2026-04-22 07:00:00,14.97,61.9,219.0,0
2026-04-22 08:00:00,15.0,69.2,396.0,0
2026-04-22 09:00:00,17.65,66.5,620.0,0
2026-04-22 10:00:00,17.72,59.5,728.0,0
2026-04-22 11:00:00,22.05,56.7,913.0,0
2026-04-22 12:00:00,21.37,57.3,1031.0,0
2026-04-22 13:00:00,22.37,63.6,873.0,0
2026-04-22 14:00:00,23.18,62.6,729.0,0
2026-04-22 15:00:00,21.37,51.1,686.0,0
2026-04-22 16:00:00,22.36,66.2,431.0,0
2026-04-22 17:00:00,21.83,53.4,290.0,0
2026-04-22 18:00:00,19.5,64.7,0.0,0
2026-04-22 19:00:00,48.3,70.8,0.0,1
2026-04-22 20:00:00,15.08,63.9,0.0,0
2026-04-22 21:00:00,13.88,71.8,0.0,0
2026-04-22 22:00:00,9.33,76.6,0.0,0
2026-04-22 23:00:00,8.48,80.7,0.0,0
2026-04-23 00:00:00,9.06,78.4,0.0,0
2026-04-23 01:00:00,7.65,84.5,0.0,0
2026-04-23 02:00:00,7.52,80.3,0.0,0
2026-04-23 03:00:00,9.24,76.5,0.0,0
2026-04-23 04:00:00,8.65,82.5,0.0,0
2026-04-23 05:00:00,10.11,78.1,0.0,0
2026-04-23 06:00:00,13.82,72.8,0.0,0
2026-04-23 07:00:00,12.83,68.8,259.0,0
2026-04-23 08:00:00,14.31,64.9,544.0,0
2026-04-23 09:00:00,17.61,61.6,717.0,0
2026-04-23 10:00:00,19.55,58.2,869.0,0
2026-04-23 11:00:00,20.24,62.8,984.0,0
2026-04-23 12:00:00,21.01,62.3,976.0,0
2026-04-23 13:00:00,25.15,51.1,1007.0,0
2026-04-23 14:00:00,23.44,60.2,817.0,0
2026-04-23 15:00:00,22.11,62.1,708.0,0
2026-04-23 16:00:00,22.96,56.2,544.0,0
2026-04-23 17:00:00,20.66,55.7,278.0,0
2026-04-23 18:00:00,18.86,68.1,24.0,0
2026-04-23 19:00:00,17.74,63.4,0.0,0
2026-04-23 20:00:00,13.82,70.4,0.0,0
2026-04-23 21:00:00,13.39,69.2,0.0,0
2026-04-23 22:00:00,13.02,67.6,0.0,0
2026-04-23 23:00:00,9.92,70.3,0.0,0
2026-04-24 00:00:00,7.67,82.3,0.0,0
2026-04-24 01:00:00,6.74,78.1,0.0,0
2026-04-24 02:00:00,6.56,93.7,0.0,0
2026-04-24 03:00:00,6.99,76.5,0.0,0
2026-04-24 04:00:00,7.66,74.7,0.0,0
2026-04-24 05:00:00,10.23,77.7,0.0,0
2026-04-24 06:00:00,9.24,83.3,0.0,0
2026-04-24 07:00:00,13.76,70.2,256.0,0
2026-04-24 08:00:00,14.59,70.9,442.0,0
2026-04-24 09:00:00,17.42,56.8,590.0,0
2026-04-24 10:00:00,17.84,60.7,738.0,0
2026-04-24 11:00:00,21.96,52.6,812.0,0
2026-04-24 12:00:00,23.14,47.4,792.0,0
2026-04-24 13:00:00,23.66,54.6,728.0,0
2026-04-24 14:00:00,21.46,48.7,718.0,0
2026-04-24 15:00:00,23.53,49.1,594.0,0
2026-04-24 16:00:00,22.3,54.2,448.0,0
2026-04-24 17:00:00,19.02,58.2,172.0,0
2026-04-24 18:00:00,18.95,63.3,0.0,0
2026-04-24 19:00:00,17.41,65.4,0.0,0
2026-04-24 20:00:00,15.53,70.7,0.0,0
2026-04-24 21:00:00,13.08,74.1,0.0,0
2026-04-24 22:00:00,11.26,78.5,0.0,0
2026-04-24 23:00:00,10.79,74.7,0.0,0
2026-04-25 00:00:00,9.08,78.7,0.0,0
2026-04-25 01:00:00,4.18,87.4,0.0,0
2026-04-25 02:00:00,6.46,82.2,0.0,0
2026-04-25 03:00:00,6.89,79.4,0.0,0
2026-04-25 04:00:00,6.1,80.9,0.0,0
2026-04-25 05:00:00,9.22,0.0,0.0,1
2026-04-25 06:00:00,12.03,74.4,18.0,0
2026-04-25 07:00:00,11.62,73.0,258.0,0
2026-04-25 08:00:00,15.11,65.2,429.0,0
2026-04-25 09:00:00,15.93,63.9,728.0,0
2026-04-25 10:00:00,18.11,58.2,799.0,0
2026-04-25 11:00:00,21.91,60.9,936.0,0
2026-04-25 12:00:00,21.16,58.5,1063.0,0
2026-04-25 13:00:00,22.97,51.8,1047.0,0
2026-04-25 14:00:00,20.91,61.8,825.0,0
2026-04-25 15:00:00,24.37,50.8,700.0,0
2026-04-25 16:00:00,22.31,50.7,506.0,0
2026-04-25 17:00:00,20.25,63.7,332.0,0
2026-04-25 18:00:00,19.35,58.9,0.0,0
2026-04-25 19:00:00,15.44,65.7,0.0,0
2026-04-25 20:00:00,15.96,66.6,0.0,0
2026-04-25 21:00:00,12.38,76.8,0.0,0
2026-04-25 22:00:00,10.57,75.2,0.0,0
2026-04-25 23:00:00,8.63,73.4,0.0,0
2026-04-26 00:00:00,7.19,82.7,0.0,0
2026-04-26 01:00:00,7.66,77.8,0.0,0
2026-04-26 02:00:00,6.95,88.4,0.0,0
2026-04-26 03:00:00,7.62,79.8,0.0,0
2026-04-26 04:00:00,7.76,70.6,0.0,0
2026-04-26 05:00:00,9.55,78.1,0.0,0
2026-04-26 06:00:00,10.28,83.3,0.0,0
2026-04-26 07:00:00,14.86,74.5,236.0,0
2026-04-26 08:00:00,13.13,78.3,321.0,0
2026-04-26 09:00:00,18.03,59.1,504.0,0
2026-04-26 10:00:00,20.06,63.5,522.0,0
2026-04-26 11:00:00,19.5,57.9,642.0,0
2026-04-26 12:00:00,23.85,54.7,605.0,0
2026-04-26 13:00:00,23.42,49.4,606.0,0
2026-04-26 14:00:00,23.67,51.6,615.0,0
2026-04-26 15:00:00,22.45,53.4,473.0,0
2026-04-26 16:00:00,21.41,61.3,323.0,0
2026-04-26 17:00:00,20.14,63.0,144.0,0
2026-04-26 18:00:00,19.09,62.6,0.0,0
2026-04-26 19:00:00,18.17,57.5,0.0,0
2026-04-26 20:00:00,14.88,66.9,0.0,0
2026-04-26 21:00:00,11.71,70.3,0.0,0
2026-04-26 22:00:00,11.52,77.0,0.0,0
2026-04-26 23:00:00,9.96,80.8,0.0,0
2026-04-27 00:00:00,8.87,82.0,0.0,0
2026-04-27 01:00:00,8.16,75.9,0.0,0
2026-04-27 02:00:00,6.87,70.0,0.0,0
2026-04-27 03:00:00,6.49,74.6,0.0,0
2026-04-27 04:00:00,7.35,85.9,0.0,0
2026-04-27 05:00:00,7.85,77.8,0.0,0
2026-04-27 06:00:00,11.38,70.8,12.0,0
2026-04-27 07:00:00,12.99,77.8,207.0,0
2026-04-27 08:00:00,14.7,73.5,219.0,0
2026-04-27 09:00:00,14.26,69.3,425.0,0
2026-04-27 10:00:00,17.9,62.2,568.0,0
2026-04-27 11:00:00,21.92,56.4,622.0,0
2026-04-27 12:00:00,21.41,58.7,664.0,0
2026-04-27 13:00:00,23.23,61.2,637.0,0
2026-04-27 14:00:00,21.75,58.9,549.0,0
2026-04-27 15:00:00,24.31,56.0,437.0,0
2026-04-27 16:00:00,21.93,61.6,314.0,0
2026-04-27 17:00:00,21.09,53.6,214.0,0
2026-04-27 18:00:00,21.47,60.7,0.0,0
2026-04-27 19:00:00,18.73,60.9,0.0,0
2026-04-27 20:00:00,14.84,58.2,0.0,0
2026-04-27 21:00:00,12.48,63.5,0.0,0
2026-04-27 22:00:00,10.82,70.6,0.0,0
2026-04-27 23:00:00,10.0,78.1,0.0,0
2026-04-28 00:00:00,7.85,79.9,0.0,0
2026-04-28 01:00:00,6.76,81.9,0.0,0
2026-04-28 02:00:00,8.35,86.4,0.0,0
2026-04-28 03:00:00,7.04,75.7,0.0,0
2026-04-28 04:00:00,10.26,75.5,0.0,0
2026-04-28 05:00:00,9.32,78.3,0.0,0
2026-04-28 06:00:00,12.67,68.8,0.0,0
2026-04-28 07:00:00,13.17,71.0,249.0,0
2026-04-28 08:00:00,15.85,60.2,529.0,0
2026-04-28 09:00:00,16.23,71.7,648.0,0
2026-04-28 10:00:00,18.03,60.4,846.0,0
2026-04-28 11:00:00,21.0,66.5,950.0,0
2026-04-28 12:00:00,22.8,55.4,930.0,0
2026-04-28 13:00:00,22.65,59.9,893.0,0
2026-04-28 14:00:00,21.6,57.2,795.0,0
2026-04-28 15:00:00,21.25,57.9,649.0,0
2026-04-28 16:00:00,20.39,57.0,501.0,0
2026-04-28 17:00:00,18.77,62.4,251.0,0
2026-04-28 18:00:00,18.99,62.9,9.0,0
2026-04-28 19:00:00,18.08,59.9,0.0,0
2026-04-28 20:00:00,14.87,67.7,0.0,0
2026-04-28 21:00:00,10.55,72.7,0.0,0
2026-04-28 22:00:00,10.69,84.1,0.0,0
2026-04-28 23:00:00,9.07,77.1,0.0,0
2026-04-29 00:00:00,10.34,81.6,0.0,0
2026-04-29 01:00:00,5.99,81.6,0.0,0
2026-04-29 02:00:00,6.78,82.2,0.0,0
2026-04-29 03:00:00,9.15,72.1,0.0,0
2026-04-29 04:00:00,8.7,76.3,0.0,0
2026-04-29 05:00:00,10.08,76.7,0.0,0
2026-04-29 06:00:00,11.29,80.3,0.0,0
2026-04-29 07:00:00,13.43,71.4,207.0,0
2026-04-29 08:00:00,15.95,72.0,561.0,0
2026-04-29 09:00:00,16.44,68.3,664.0,0
2026-04-29 10:00:00,20.05,66.4,791.0,0
2026-04-29 11:00:00,19.46,60.6,975.0,0
2026-04-29 12:00:00,22.43,65.7,961.0,0
2026-04-29 13:00:00,23.08,53.1,940.0,0
2026-04-29 14:00:00,22.56,52.8,817.0,0
2026-04-29 15:00:00,22.88,50.6,659.0,0
2026-04-29 16:00:00,21.48,67.0,468.0,0
2026-04-29 17:00:00,19.76,63.7,190.0,0
2026-04-29 18:00:00,18.82,60.5,0.0,0
2026-04-29 19:00:00,16.14,71.2,0.0,0
2026-04-29 20:00:00,15.5,70.0,0.0,0
2026-04-29 21:00:00,11.95,80.7,0.0,0
2026-04-29 22:00:00,11.89,66.8,0.0,0
2026-04-29 23:00:00,8.34,77.6,0.0,0
